{"cameraMode":{"drawMode":0,"name":"Shaded","section":"Shading Mode"},"sceneLighting":true,"audioPlay":false,"sceneViewState":{"m_AlwaysRefresh":false,"showFog":true,"showSkybox":true,"showFlares":true,"showImageEffects":true,"showParticleSystems":true,"showVisualEffectGraphs":true,"m_FxEnabled":true},"in2DMode":false,"pivot":{"x":-2.056122303009033,"y":-0.7113204002380371,"z":-3.3922157287597658},"rotation":{"x":0.03822892904281616,"y":-0.9575644731521606,"z":0.15090760588645936,"w":0.24257536232471467},"size":3.4383811950683595,"orthographic":false}